{
  "timestamp": "2025-05-30T21:53:05.688297",
  "data": {
    "iterations": [
      0,
      1,
      2,
      3,
      4,
      5,
      6,
      7,
      8,
      9,
      10,
      11,
      12,
      13,
      14,
      15,
      16,
      17,
      18,
      19,
      20,
      21,
      22,
      23,
      24,
      25,
      26,
      27,
      28,
      29,
      30,
      31,
      32,
      33,
      34,
      35,
      36,
      37,
      38,
      39,
      40,
      41,
      42,
      43,
      44,
      45,
      46,
      47,
      48,
      49
    ],
    "losses": [
      2.0,
      1.912458849001428,
      1.829674836071919,
      1.7514159528501156,
      1.6774615061559637,
      1.6076015661428098,
      1.5216364413634358,
      1.439376179437427,
      1.3606400920712787,
      1.2852563032435467,
      1.2130613194252668,
      1.1638996207609733,
      1.1176232721880528,
      1.0740915535220321,
      1.033170607582819,
      0.9947331054820294,
      0.9386579282344432,
      0.8848298638974534,
      0.8331393194811982,
      0.7834820469090025,
      0.7357588823428847,
      0.7098754982223107,
      0.6857421673961591,
      0.6632735387581066,
      0.6423884238244043,
      0.6230095937203802,
      0.5850635860680252,
      0.548480521291783,
      0.5131939278832129,
      0.4791405761875953,
      0.44626032029685964,
      0.4344959476534861,
      0.4237930359893108,
      0.41409981724150824,
      0.4053670481054693,
      0.39754788690089027,
      0.37059777644317304,
      0.34447433262725524,
      0.31913723844527014,
      0.2945481431730272,
      0.2706705664732254,
      0.2674698071756085,
      0.2649128565059638,
      0.26296831554699396,
      0.2616063167246677,
      0.2607984491237287,
      0.2405176874456075,
      0.22073832443109923,
      0.201435906578825,
      0.182587172998741
    ],
    "accuracies": [
      0.3,
      0.3386958089810293,
      0.3748960085742315,
      0.40876154815321086,
      0.4404429969812108,
      0.4700812136557264,
      0.4978079723786164,
      0.5237465488361663,
      0.5480122682939809,
      0.5707130183435841,
      0.5919497285804447,
      0.6118168193461203,
      0.630402621529667,
      0.6477897692947908,
      0.6640555674788411,
      0.6792723352971346,
      0.6935077278807527,
      0.7068250370773945,
      0.7192834728526787,
      0.730938426543025,
      0.741841717130564,
      0.7520418216350361,
      0.7615840906470223,
      0.7705109499607861,
      0.7788620892032068,
      0.786674638297463,
      0.7939833325460419,
      0.8008206670670481,
      0.8072170412704471,
      0.8132008940166029,
      0.8187988300580324,
      0.8240357383265497,
      0.8289349025917176,
      0.8335181049825997,
      0.8378057228330833,
      0.8418168192813569,
      0.8455692280263525,
      0.8490796326179895,
      0.8523636406337529,
      0.8554358530713997,
      0.858309929266319,
      0.8609986476221794,
      0.8635139624248691,
      0.865867056992339,
      0.8680683933966471,
      0.8701277589792815,
      0.8720543098665698,
      0.873856611678647,
      0.8755426776129802,
      0.8771200040717728
    ],
    "learning_rates": [
      0.001,
      0.001,
      0.001,
      0.001,
      0.001,
      0.001,
      0.001,
      0.001,
      0.001,
      0.001,
      0.00095,
      0.00095,
      0.00095,
      0.00095,
      0.00095,
      0.00095,
      0.00095,
      0.00095,
      0.00095,
      0.00095,
      0.0009025,
      0.0009025,
      0.0009025,
      0.0009025,
      0.0009025,
      0.0009025,
      0.0009025,
      0.0009025,
      0.0009025,
      0.0009025,
      0.000857375,
      0.000857375,
      0.000857375,
      0.000857375,
      0.000857375,
      0.000857375,
      0.000857375,
      0.000857375,
      0.000857375,
      0.000857375,
      0.0008145062499999999,
      0.0008145062499999999,
      0.0008145062499999999,
      0.0008145062499999999,
      0.0008145062499999999,
      0.0008145062499999999,
      0.0008145062499999999,
      0.0008145062499999999,
      0.0008145062499999999,
      0.0008145062499999999
    ]
  },
  "stats": {
    "min_loss": 0.182587172998741,
    "max_loss": 2.0,
    "final_loss": 0.182587172998741,
    "total_points": 50
  }
}