{
  "timestamp": "2025-05-30T22:06:36.334845",
  "data": {
    "iterations": [
      0,
      1,
      2,
      3,
      4,
      5,
      6,
      7,
      8,
      9,
      10,
      11,
      12,
      13,
      14,
      15,
      16,
      17,
      18,
      19
    ],
    "losses": [
      2.1,
      1.864993805169191,
      1.6576015661428098,
      1.4745785575819446,
      1.313061319425267,
      1.1705228570379806,
      1.0447331054820295,
      0.9337240393570168,
      0.8357588823428846,
      0.7493049347166995,
      0.6730095937203802,
      0.6056791916094929,
      0.5462603202968597,
      0.4938233504083881,
      0.4475478869008903,
      0.406709933689857,
      0.3706705664732254,
      0.3388659365334392,
      0.31079844912372867,
      0.286028978421327
    ],
    "accuracies": [
      0.3,
      0.33157894736842103,
      0.36315789473684207,
      0.39473684210526316,
      0.4263157894736842,
      0.45789473684210524,
      0.4894736842105263,
      0.5210526315789473,
      0.5526315789473684,
      0.5842105263157895,
      0.6157894736842104,
      0.6473684210526316,
      0.6789473684210525,
      0.7105263157894737,
      0.7421052631578947,
      0.7736842105263158,
      0.8052631578947367,
      0.8368421052631578,
      0.868421052631579,
      0.8999999999999999
    ],
    "learning_rates": [
      0.001,
      0.001,
      0.001,
      0.001,
      0.001,
      0.0009000000000000001,
      0.0009000000000000001,
      0.0009000000000000001,
      0.0009000000000000001,
      0.0009000000000000001,
      0.0008100000000000001,
      0.0008100000000000001,
      0.0008100000000000001,
      0.0008100000000000001,
      0.0008100000000000001,
      0.0007290000000000002,
      0.0007290000000000002,
      0.0007290000000000002,
      0.0007290000000000002,
      0.0007290000000000002
    ]
  },
  "stats": {
    "min_loss": 0.286028978421327,
    "max_loss": 2.1,
    "final_loss": 0.286028978421327,
    "total_points": 20
  }
}