{
  "timestamp": "2025-05-30T22:01:17.324596",
  "data": {
    "iterations": [
      0,
      1,
      2,
      3,
      4,
      5,
      6,
      7,
      8,
      9,
      10,
      11,
      12,
      13,
      14,
      15,
      16,
      17,
      18,
      19,
      20,
      21,
      22,
      23,
      24,
      25,
      26,
      27,
      28,
      29,
      30,
      31,
      32,
      33,
      34,
      35,
      36,
      37,
      38,
      39,
      40,
      41,
      42,
      43,
      44,
      45,
      46,
      47,
      48,
      49,
      50,
      51,
      52,
      53,
      54,
      55,
      56,
      57,
      58,
      59
    ],
    "losses": [
      3.0,
      2.9835733812229828,
      2.9508064510694583,
      2.8836229265959843,
      2.774051744599082,
      2.6260967780350057,
      2.254678663657127,
      2.0819076236182164,
      1.931599639045332,
      1.8233784313323007,
      1.7678071242052726,
      1.7637413660273817,
      1.5985518086422938,
      1.6511613279006112,
      1.6971532311179867,
      1.714699653577992,
      1.6898585416763412,
      1.6199422183708783,
      1.3141326762701486,
      1.1911928462711419,
      1.074834101336453,
      0.987874095339132,
      0.946615209784098,
      0.956819873199474,
      0.8122680521365193,
      0.89625001111033,
      0.985628786467366,
      1.0564776672479987,
      1.0899123629637937,
      1.0766898753863297,
      0.8194480484767128,
      0.7320374178677883,
      0.6361088906509531,
      0.5557926573884379,
      0.5117710737822926,
      0.5161966292577038,
      0.3696992153104244,
      0.4612153752469603,
      0.5706812996004956,
      0.673930188703461,
      0.7485948998553636,
      0.7795706696191724,
      0.562700412466157,
      0.5057802739393301,
      0.42663921322892084,
      0.3487627711934911,
      0.2955324503333771,
      0.2844910810507696,
      0.12303818746691275,
      0.20660925352508663,
      0.31978464585214184,
      0.4400566688078932,
      0.5433324247389222,
      0.40982516780207223,
      0.42889172390014996,
      0.40163158995114223,
      0.3406113455372277,
      0.2667818345871561,
      0.2043428833266282,
      0.01
    ],
    "accuracies": [
      0.2,
      0.24836976122628668,
      0.2936200107177894,
      0.3359519351915137,
      0.3755537462265135,
      0.4126015170696581,
      0.4472599654732705,
      0.47968318604520793,
      0.5100153353674761,
      0.5383912729294802,
      0.564937160725556,
      0.5897710241826504,
      0.6130032769120839,
      0.6347372116184886,
      0.6550694593485513,
      0.6740904191214183,
      0.6918846598509407,
      0.7085312963467432,
      0.7241043410658483,
      0.7386730331787812,
      0.7523021464132049,
      0.7650522770437951,
      0.7769801133087779,
      0.7881386874509828,
      0.7985776115040084,
      0.8083432978718286,
      0.8174791656825524,
      0.82602583383381,
      0.8340213015880589,
      0.8415011175207536,
      0.8484985375725405,
      0.8550446729081873,
      0.8611686282396471,
      0.8668976312282495,
      0.8722571535413541,
      0.8772710241016961,
      0.8819615350329406,
      0.8863495407724868,
      0.8904545507921913,
      0.8942948163392497,
      0.8978874115828988,
      0.9012483095277242,
      0.9043924530310865,
      0.9073338212404238,
      0.9100854917458088,
      0.912659698724102,
      0.9150678873332125,
      0.9173207645983088,
      0.9194283470162254,
      0.9214000050897162,
      0.9232445049895608,
      0.9249700475297555,
      0.9265843046290767,
      0.9280944534211288,
      0.9295072081645306,
      0.9308288500951194,
      0.9320652553528961,
      0.9332219211078758,
      0.9343039900010062,
      0.9353162730088151
    ],
    "learning_rates": [
      0.001,
      0.001,
      0.001,
      0.001,
      0.001,
      0.001,
      0.001,
      0.001,
      0.001,
      0.001,
      0.00095,
      0.00095,
      0.00095,
      0.00095,
      0.00095,
      0.00095,
      0.00095,
      0.00095,
      0.00095,
      0.00095,
      0.0009025,
      0.0009025,
      0.0009025,
      0.0009025,
      0.0009025,
      0.0009025,
      0.0009025,
      0.0009025,
      0.0009025,
      0.0009025,
      0.000857375,
      0.000857375,
      0.000857375,
      0.000857375,
      0.000857375,
      0.000857375,
      0.000857375,
      0.000857375,
      0.000857375,
      0.000857375,
      0.0008145062499999999,
      0.0008145062499999999,
      0.0008145062499999999,
      0.0008145062499999999,
      0.0008145062499999999,
      0.0008145062499999999,
      0.0008145062499999999,
      0.0008145062499999999,
      0.0008145062499999999,
      0.0008145062499999999,
      0.0007737809374999998,
      0.0007737809374999998,
      0.0007737809374999998,
      0.0007737809374999998,
      0.0007737809374999998,
      0.0007737809374999998,
      0.0007737809374999998,
      0.0007737809374999998,
      0.0007737809374999998,
      0.0007737809374999998
    ]
  },
  "stats": {
    "min_loss": 0.01,
    "max_loss": 3.0,
    "final_loss": 0.01,
    "total_points": 60
  }
}