{
  "timestamp": "20250531_010314",
  "dataset_size": 50,
  "vocabulary_size": 40,
  "training_history": {
    "epochs": [
      1,
      2,
      3,
      4,
      5,
      6,
      7,
      8,
      9,
      10,
      11,
      12,
      13,
      14,
      15,
      16,
      17,
      18,
      19,
      20
    ],
    "losses": [
      2.654563825960857,
      2.04387270227505,
      1.7104570295417383,
      1.4053325195745985,
      1.1563638266391683,
      1.198712274464094,
      0.9568284870172111,
      0.7204751327995103,
      0.507072492587707,
      0.6584981340798226,
      0.6870884649244771,
      0.4252657033975561,
      0.479086926101397,
      0.27910280601641635,
      0.2827362794783362,
      0.22493434812841626,
      0.35139873375647074,
      0.1607351319472628,
      0.1,
      0.1416276136091762
    ],
    "accuracies": [
      0.32101995525986954,
      0.29057963362612854,
      0.40936720465430987,
      0.42689038837829113,
      0.4003044781740878,
      0.44344458299823053,
      0.45609070778467586,
      0.5556018064136019,
      0.5477780055325367,
      0.5565416989861948,
      0.5925561764346569,
      0.6552052573020833,
      0.6244382302991404,
      0.663202297088162,
      0.7158051187289165,
      0.7663087266021741,
      0.8180918819496725,
      0.8172645529222212,
      0.7945510878151439,
      0.8452281792206154
    ],
    "perplexities": [
      6.296559868145985,
      4.123509416905904,
      3.2726448070544505,
      2.648788256416113,
      2.228949339267944,
      2.295347006902341,
      1.941038167944109,
      1.6477246017984022,
      1.4211634520549925,
      1.5784385912707886,
      1.6100309980490835,
      1.3428197892245628,
      1.3938612198949898,
      1.2134400265406484,
      1.2164999655985693,
      1.168724062915093,
      1.2757969492212728,
      1.117856601987989,
      1.0717734625362931,
      1.1031489600503843
    ],
    "marble_stats": [
      20,
      8,
      10,
      11,
      11,
      9,
      7,
      13,
      10,
      6,
      12,
      11,
      10,
      10,
      5,
      5,
      6,
      5,
      5,
      10
    ]
  },
  "final_metrics": {
    "final_loss": 0.1416276136091762,
    "final_accuracy": 0.8452281792206154,
    "final_perplexity": 1.1031489600503843,
    "final_marbles": 10
  }
}