{
  "timestamp": "20250531_004614",
  "dataset_size": 100,
  "vocabulary_size": 40,
  "training_history": {
    "epochs": [
      1,
      2
    ],
    "losses": [
      2.409929472355638,
      1.9431063894166847
    ],
    "accuracies": [
      0.31648298195964936,
      0.6012065613873978
    ],
    "perplexities": [
      5.314483445996702,
      3.845327271084386
    ],
    "marble_stats": [
      20,
      18
    ]
  },
  "final_metrics": {
    "final_loss": 1.9431063894166847,
    "final_accuracy": 0.6012065613873978,
    "final_perplexity": 3.845327271084386,
    "final_marbles": 18
  }
}