{
  "timestamp": "20250531_013651",
  "dataset_size": 50,
  "vocabulary_size": 40,
  "training_history": {
    "epochs": [
      1,
      2,
      3
    ],
    "losses": [
      2.6882721348062173,
      2.2984741828059136,
      1.8225398780658588
    ],
    "accuracies": [
      0.27507942246399825,
      0.4777397188361847,
      0.7202217140380092
    ],
    "perplexities": [
      6.44541000802724,
      4.919372095046784,
      3.537033487470275
    ],
    "marble_stats": [
      20,
      9,
      10
    ]
  },
  "final_metrics": {
    "final_loss": 1.8225398780658588,
    "final_accuracy": 0.7202217140380092,
    "final_perplexity": 3.537033487470275,
    "final_marbles": 10
  }
}