{
  "timestamp": "20250531_013542",
  "dataset_size": 3200,
  "vocabulary_size": 40,
  "training_history": {
    "epochs": [
      1,
      2,
      3,
      4,
      5,
      6,
      7,
      8,
      9,
      10,
      11,
      12,
      13,
      14,
      15,
      16,
      17,
      18,
      19,
      20,
      21,
      22,
      23,
      24,
      25,
      26,
      27,
      28,
      29,
      30,
      31,
      32,
      33,
      34,
      35,
      36,
      37,
      38,
      39,
      40,
      41,
      42,
      43,
      44,
      45,
      46,
      47,
      48,
      49,
      50,
      51,
      52,
      53,
      54,
      55,
      56,
      57,
      58,
      59,
      60,
      61,
      62,
      63,
      64,
      65,
      66,
      67,
      68,
      69,
      70,
      71,
      72,
      73,
      74,
      75,
      76,
      77,
      78,
      79,
      80,
      81,
      82,
      83,
      84,
      85,
      86,
      87,
      88,
      89,
      90,
      91,
      92,
      93,
      94,
      95,
      96,
      97,
      98,
      99,
      100
    ],
    "losses": [
      2.44508313452787,
      2.042143525251768,
      1.788987219326046,
      1.7293941211858,
      1.4853139324143554,
      1.251096935671976,
      0.9161817512674286,
      0.9364621675666247,
      0.5824760785502123,
      0.4686102650593593,
      0.40112075693841875,
      0.5411289861323352,
      0.25873387498402534,
      0.452384212082711,
      0.3785714159636597,
      0.1,
      0.19694853094038853,
      0.2582028946949049,
      0.1,
      0.10398716938137412,
      0.1,
      0.11390090471317818,
      0.1,
      0.1,
      0.1,
      0.1,
      0.22390152871980484,
      0.1,
      0.1,
      0.1,
      0.20126219703115664,
      0.1,
      0.1,
      0.1,
      0.1,
      0.1,
      0.1,
      0.1,
      0.18583882107907132,
      0.11023428501985957,
      0.1,
      0.1,
      0.1512451577202319,
      0.1,
      0.1,
      0.16095577478438253,
      0.12578265228670502,
      0.1,
      0.10795548993218883,
      0.1,
      0.14426868668957285,
      0.1,
      0.13536112927466468,
      0.1,
      0.1,
      0.1278110856232401,
      0.1,
      0.1,
      0.1,
      0.1070708080393017,
      0.1,
      0.1,
      0.1,
      0.1,
      0.14562157066775866,
      0.1,
      0.1,
      0.1,
      0.1417001010278544,
      0.1,
      0.1,
      0.1,
      0.13228299919040792,
      0.1,
      0.1,
      0.1,
      0.1,
      0.1,
      0.1,
      0.1555302019565007,
      0.10789076923973583,
      0.1,
      0.1,
      0.1,
      0.1,
      0.1,
      0.1,
      0.1,
      0.169268369492988,
      0.1,
      0.1,
      0.1,
      0.1,
      0.1,
      0.10449412818881212,
      0.1,
      0.1,
      0.1,
      0.1,
      0.16064865708152076
    ],
    "accuracies": [
      0.32418300917967235,
      0.2691231265168643,
      0.30376315064792875,
      0.3138892880472879,
      0.3427957083449167,
      0.3083661327261781,
      0.31076779728821136,
      0.3763758033893628,
      0.3334046868721467,
      0.34408099808565085,
      0.3951481388565201,
      0.3736546719141621,
      0.338630207986432,
      0.41312127612674,
      0.3499421690178497,
      0.41547210387280736,
      0.40445965601681766,
      0.3539224518721661,
      0.4041065272035874,
      0.3782273780760148,
      0.463476411586832,
      0.3902009983789922,
      0.42991332889029527,
      0.43374794068105615,
      0.4671334008825019,
      0.4708942353300877,
      0.46682270784965957,
      0.5041210641238401,
      0.4572410062405538,
      0.4586220985580597,
      0.44357777818618094,
      0.450077945571463,
      0.5231011402536372,
      0.501263753349313,
      0.49016494738148003,
      0.5537002983553696,
      0.5027387963439459,
      0.4721603826124564,
      0.5700045502893208,
      0.49898439872962463,
      0.5761129724137226,
      0.5398139076962514,
      0.5088634219837106,
      0.5520655224625308,
      0.5598148808331553,
      0.6176134768363772,
      0.542182565476015,
      0.5425384965174446,
      0.5693919896508061,
      0.6001382724679433,
      0.580591966472773,
      0.6501165011680526,
      0.6240357441572438,
      0.6216029837276801,
      0.6222209315107441,
      0.6490189822189677,
      0.5949624342797095,
      0.6917083974539348,
      0.6712353848793042,
      0.6726988855711865,
      0.6638863197895866,
      0.6165369096780078,
      0.7016013645737611,
      0.6874788884738626,
      0.7178117835289516,
      0.6787191188947324,
      0.715438671505296,
      0.6910073256132724,
      0.6730929379476671,
      0.7472249413877887,
      0.7613449886280411,
      0.6970263910076601,
      0.7144473444094996,
      0.7272785118654059,
      0.7274099053795734,
      0.7280128275217875,
      0.734371919049026,
      0.7467592456838378,
      0.8169022488329759,
      0.762329419496176,
      0.7331410415639266,
      0.7387460937435899,
      0.7858863076407263,
      0.830995950682625,
      0.7583276603442624,
      0.854767607505076,
      0.7844164239485887,
      0.7984480156588959,
      0.7953060717463135,
      0.8592634892689831,
      0.7958785575458854,
      0.8421868026082328,
      0.8981702522717024,
      0.8575185692408298,
      0.9087645287907261,
      0.8580211690453499,
      0.8464246668631173,
      0.8863620131004241,
      0.8661018309583486,
      0.8987616111052877
    ],