{
  "timestamp": "20250531_013346",
  "dataset_size": 3200,
  "vocabulary_size": 40,
  "training_history": {
    "epochs": [
      1,
      2,
      3,
      4,
      5,
      6,
      7,
      8,
      9,
      10,
      11,
      12,
      13,
      14,
      15,
      16,
      17,
      18,
      19,
      20,
      21,
      22,
      23,
      24,
      25,
      26,
      27,
      28,
      29,
      30,
      31,
      32,
      33,
      34,
      35,
      36,
      37,
      38,
      39,
      40,
      41,
      42,
      43,
      44,
      45,
      46,
      47,
      48,
      49,
      50,
      51,
      52,
      53,
      54,
      55,
      56,
      57,
      58,
      59,
      60,
      61,
      62,
      63,
      64,
      65,
      66,
      67,
      68,
      69,
      70,
      71,
      72,
      73,
      74,
      75,
      76,
      77,
      78,
      79,
      80,
      81,
      82,
      83,
      84,
      85,
      86,
      87,
      88,
      89,
      90,
      91,
      92,
      93,
      94,
      95,
      96,
      97,
      98,
      99,
      100
    ],
    "losses": [
      2.419820723714968,
      2.0138213950664294,
      1.9619229873555641,
      1.384054104834194,
      1.2129261221428222,
      1.0850665986693742,
      0.9599698752826054,
      0.8691368288401438,
      0.6631476008863905,
      0.5015843561755007,
      0.4695246866869571,
      0.559267332906745,
      0.2382701633265154,
      0.4243477546014196,
      0.35881562778012105,
      0.1,
      0.1,
      0.21597008334543288,
      0.1,
      0.1,
      0.1,
      0.1,
      0.1,
      0.170886372675175,
      0.1,
      0.1,
      0.1188149153704352,
      0.1,
      0.1,
      0.1,
      0.1,
      0.1,
      0.1,
      0.1,
      0.15919919942302388,
      0.1,
      0.1,
      0.1,
      0.1,
      0.1,
      0.1,
      0.1,
      0.1,
      0.1,
      0.1,
      0.1,
      0.1,
      0.1,
      0.1,
      0.1579351451822236,
      0.10498950172609305,
      0.1,
      0.1,
      0.1,
      0.1,
      0.15888648036973954,
      0.1585719200209428,
      0.11133882570344328,
      0.1,
      0.12145032964174314,
      0.1,
      0.1,
      0.1,
      0.1,
      0.13288817251009166,
      0.17804886520983962,
      0.1,
      0.1968466444559124,
      0.1,
      0.1,
      0.1,
      0.1,
      0.16491692637914984,
      0.12336397087681562,
      0.1,
      0.11398223106190038,
      0.1,
      0.1,
      0.1,
      0.1,
      0.1,
      0.1675845901241491,
      0.1,
      0.12624711922998264,
      0.17478428787526237,
      0.19025523819418136,
      0.1,
      0.1,
      0.1,
      0.1,
      0.1,
      0.1,
      0.1,
      0.1,
      0.1,
      0.18367163744689394,
      0.185144226168726,
      0.1,
      0.11777317024149879,
      0.1
    ],
    "accuracies": [
      0.26063293241749025,
      0.31219206572847147,
      0.32935359482485266,
      0.324481455931809,
      0.30321940627203225,
      0.37838243928873194,
      0.3717447788849877,
      0.31989794035394137,
      0.3636857317465368,
      0.4019528517106983,
      0.3231704119093768,
      0.3646515926889375,
      0.392921693708862,
      0.380563725207878,
      0.3533237530299507,
      0.3723331689530039,
      0.42550231396474797,
      0.3540685897913757,
      0.4252669718847323,
      0.4612579468879631,
      0.4247136155422924,
      0.39204347413637164,
      0.4019002706760367,
      0.4676729056086767,
      0.4140281781067854,
      0.43467836739419896,
      0.413994401190944,
      0.42426188418720123,
      0.4400809897901496,
      0.4902988456127422,
      0.49013132382840924,
      0.46538587536648707,
      0.4933143438148286,
      0.4998529453022957,
      0.539886565663789,
      0.5041174597719682,
      0.4786585176612294,
      0.5151323562319386,
      0.4824738976885766,
      0.5040027604799047,
      0.5805977168544743,
      0.5278252939840098,
      0.5384606705541284,
      0.5829884860479598,
      0.5363157467053419,
      0.5886976614955121,
      0.6134727669699305,
      0.6092276300926343,
      0.5440902023219286,
      0.5574180569173969,
      0.5795432170843894,
      0.5778027077181884,
      0.5641158896030422,
      0.6053625468041888,
      0.6036553179698496,
      0.610597701380752,
      0.6840570537884243,
      0.6727057937377331,
      0.5996451796760589,
      0.6417628941349678,
      0.6416445909418089,
      0.6935582449432628,
      0.6840990826273168,
      0.7248326897483752,
      0.6425291649056911,
      0.7010357311291868,
      0.6535828768340275,
      0.7082278582544163,
      0.7361133428908992,
      0.6917143976634264,
      0.6757021595021917,
      0.7104487421531228,
      0.7133800182754627,
      0.6885000364173968,
      0.7024775568743791,
      0.715892666526454,
      0.7420728714113278,
      0.7986728110864934,
      0.7704091275985636,
      0.80653392910251,
      0.7941578954971793,
      0.7859763903457416,
      0.7536290373441314,
      0.7650642671955104,
      0.8224155785270387,
      0.7717201738989186,
      0.8101124141518536,
      0.8573062908434532,
      0.7840117531594398,
      0.8024102547311303,
      0.8362575165584296,
      0.821135208333061,
      0.8813910059810313,
      0.834509536553679,
      0.8724008621786804,
      0.9086993329062084,
      0.9155868650399478,
      0.9178882066024049,
      0.852438790388193,
      0.8933657654945703
    ],