{
  "timestamp": "20250531_003604",
  "dataset_size": 100,
  "vocabulary_size": 40,
  "training_history": {
    "epochs": [
      1,
      2,
      3
    ],
    "losses": [
      2.5744397837560804,
      2.301152147958696,
      1.6470199483877719
    ],
    "accuracies": [
      0.2680833652794097,
      0.5255607764169522,
      0.6946581704619672
    ],
    "perplexities": [
      5.956396461291717,
      4.928512031831997,
      3.131860489490242
    ],
    "marble_stats": [
      20,
      18,
      16
    ]
  },
  "final_metrics": {
    "final_loss": 1.6470199483877719,
    "final_accuracy": 0.6946581704619672,
    "final_perplexity": 3.131860489490242,
    "final_marbles": 16
  }
}