{
  "test_loss": 0.00020252697504474781,
  "test_accuracy": 1.0,
  "test_perplexity": 1.0002025365829468,
  "vocab_size": 13,
  "num_sentences": 1000,
  "training_time": "2025-05-31T01:25:44.799694",
  "timestamp": 1748679944.799704,
  "total_training_time_seconds": 27.218773
}