{
  "timestamp": "20250531_010119",
  "dataset_size": 1000,
  "vocabulary_size": 40,
  "training_history": {
    "epochs": [
      1,
      2,
      3,
      4,
      5,
      6,
      7,
      8,
      9,
      10,
      11,
      12,
      13,
      14,
      15,
      16,
      17,
      18,
      19,
      20,
      21,
      22,
      23,
      24,
      25,
      26,
      27,
      28,
      29,
      30,
      31,
      32,
      33,
      34,
      35,
      36,
      37,
      38,
      39,
      40,
      41,
      42,
      43,
      44,
      45,
      46,
      47,
      48,
      49,
      50,
      51,
      52,
      53,
      54,
      55,
      56,
      57,
      58,
      59,
      60,
      61,
      62,
      63,
      64,
      65,
      66,
      67,
      68,
      69,
      70,
      71,
      72,
      73,
      74,
      75,
      76,
      77,
      78,
      79,
      80,
      81,
      82,
      83,
      84,
      85,
      86,
      87,
      88,
      89,
      90,
      91,
      92,
      93,
      94,
      95,
      96,
      97,
      98,
      99,
      100
    ],
    "losses": [
      2.567986007923544,
      2.082160855655465,
      1.7021775403664396,
      1.6705703296919805,
      1.257563058206077,
      0.9360320273940934,
      1.078666333057913,
      0.868413639147646,
      0.5462183403388098,
      0.7600895875217957,
      0.36783636809199294,
      0.4204423043897698,
      0.32575771723416214,
      0.29000438999721057,
      0.22523940486359195,
      0.130299694127804,
      0.10644902878903503,
      0.1,
      0.3075722295421679,
      0.23873840952870015,
      0.11120248954307849,
      0.13306972620842294,
      0.2575951664931963,
      0.1,
      0.1,
      0.1497041477765394,
      0.1,
      0.1,
      0.1,
      0.1,
      0.1,
      0.17480376339235842,
      0.1,
      0.1,
      0.1,
      0.14077591193259345,
      0.14060435433849794,
      0.1,
      0.1,
      0.1,
      0.1,
      0.1,
      0.1,
      0.1,
      0.1,
      0.1,
      0.1,
      0.1870718415613375,
      0.15340261032869662,
      0.1,
      0.1,
      0.1,
      0.1,
      0.1,
      0.1,
      0.1,
      0.1,
      0.1,
      0.1,
      0.1,
      0.15114039604203414,
      0.1,
      0.180020604832615,
      0.1,
      0.1,
      0.1,
      0.10349719431030165,
      0.1,
      0.1,
      0.1,
      0.1,
      0.13103839660658156,
      0.1,
      0.1,
      0.1,
      0.1,
      0.10924367768602758,
      0.1,
      0.1,
      0.10438383945588553,
      0.1,
      0.1,
      0.1,
      0.19087683942547798,
      0.1,
      0.1,
      0.1,
      0.1,
      0.1,
      0.18402902533969712,
      0.18035420172651948,
      0.1,
      0.1,
      0.1,
      0.1,
      0.1,
      0.1,
      0.10898499077236998,
      0.1297514093517384,
      0.1
    ],
    "accuracies": [
      0.2823695358338382,
      0.256232123528911,
      0.27319506569647883,
      0.31736738789130486,
      0.2974786089970431,
      0.35406123557048064,
      0.3577893729797777,
      0.31476813242151364,
      0.381464321307853,
      0.3286043095345082,
      0.3304712050402518,
      0.32164458941831847,
      0.32533229468274016,
      0.3931431353587069,
      0.3935251988177798,
      0.4303011850623869,
      0.42546801266937495,
      0.41073905848536246,
      0.44253247270654467,
      0.3727406572142313,
      0.41745455219012,
      0.46685143682462976,
      0.38871334856692286,
      0.46855805456188115,
      0.4007728045820268,
      0.4111186704206512,
      0.4848724107904274,
      0.46294565460240195,
      0.46524304577445835,
      0.48622329767358313,
      0.4544959269385755,
      0.5100566963981621,
      0.47737058231467083,
      0.5183681275952257,
      0.45552612182228785,
      0.5021722432501768,
      0.5142831145679745,
      0.5672611104606217,
      0.4821501030841658,
      0.5364544889573316,
      0.4911099621719799,
      0.5288234829188452,
      0.5574000799333191,
      0.5669261946668366,
      0.5624311787260503,
      0.5290320010537892,
      0.5893188873669328,
      0.6130272866364137,
      0.5790348490774642,
      0.6049222046839124,
      0.6415469336407436,
      0.6080541962509854,
      0.5787619287727379,
      0.5709723597474737,
      0.648973335520141,
      0.6683025516255308,
      0.648983627818299,
      0.6380899039734512,
      0.601601387347185,
      0.6847784308996743,
      0.620084748010047,
      0.6820844730599316,
      0.6811901860887968,
      0.6569173988633015,
      0.6782434912942129,
      0.7135144931854335,
      0.7320730014418869,
      0.7050442831398088,
      0.6968047598023985,
      0.7298316581256787,
      0.7590611848207065,
      0.7440406861071415,
      0.7285972492158108,
      0.7571415320610796,
      0.7349341475795895,
      0.7124601815475402,
      0.7136141044112408,
      0.7553169031045667,
      0.7673750068070178,
      0.7498901693775016,
      0.773099241366811,
      0.8203225518929915,
      0.7814368842471562,
      0.7875017975250469,
      0.834105977951762,
      0.8574200549003578,
      0.7973900235047594,
      0.8614798353116455,
      0.7865243610742809,
      0.8275447379892564,
      0.8150953273033222,
      0.874391093547001,
      0.8965102376015248,
      0.8757129150786689,
      0.8690245135734564,
      0.8986628331533625,
      0.8962060965736485,
      0.9208837197933823,
      0.87476059850009,
      0.8808661180994903
    ],