{
  "timestamp": "20250531_014847",
  "dataset_size": 100,
  "vocabulary_size": 40,
  "training_history": {
    "epochs": [
      1,
      2,
      3,
      4,
      5,
      6,
      7,
      8,
      9,
      10,
      11,
      12,
      13,
      14,
      15,
      16,
      17,
      18,
      19,
      20
    ],
    "train_losses": [
      2.4100280659794078,
      1.9413835426959403,
      1.689472904208321,
      1.3692615301521125,
      1.195221264547475,
      0.8090139917317907,
      0.7985530652620793,
      0.5633790238759946,
      0.48967950693904344,
      0.5144338379124637,
      0.4860169496383028,
      0.27037618390115215,
      0.13535545407617725,
      0.1,
      0.16216962419195077,
      0.14481363312734313,
      0.10043147014365679,
      0.1,
      0.1,
      0.1
    ],
    "val_losses": [
      2.7516702609545782,
      2.335738164173764,
      1.9509851270364862,
      1.9752808393442474,
      1.4575938173044458,
      1.3005753048958082,
      1.1784429408360817,
      0.9964399587907284,
      0.8939089924148328,
      0.6783796915582496,
      0.6313360547233973,
      0.5449569784246623,
      0.6954390936249171,
      0.4739571190171994,
      0.33405587691120703,
      0.39458449670664764,
      0.33189213467879586,
      0.17775715513961327,
      0.17969025496407476,
      0.15
    ],
    "test_losses": [
      2.512593624372636,
      2.2874506921011406,
      1.8564062839127549,
      1.8039186158552662,
      1.4778154437498419,
      1.386686550740278,
      1.0896924506309476,
      0.9195628879325584,
      0.8544853558542962,
      0.7802145880508804,
      0.7681543774514459,
      0.4381422811538205,
      0.43061162295442024,
      0.24224187014994158,
      0.367210194864467,
      0.12,
      0.26093130896450456,
      0.12,
      0.12,
      0.34914910730596255
    ],
    "accuracies": [
      0.3090616484305451,
      0.3164199904824819,
      0.3796769629241175,
      0.42580027128965797,
      0.4133347109290913,
      0.44970770220999473,
      0.5265303124769315,
      0.47672363522916894,
      0.5297566549513433,
      0.590536871518796,
      0.593495966000547,
      0.6619714062776942,
      0.6782862858926277,
      0.6989594541107441,
      0.6976034650856027,
      0.7521507391386519,
      0.8269953260257553,
      0.7737623490128656,
      0.8665940516772653,
      0.9180358310687199
    ],
    "perplexities": [
      6.734964125100978,
      5.048091863251478,
      3.8663845289058285,
      3.9320477438945667,
      2.746499096581947,
      2.4632709117855307,
      2.2633237118984466,
      1.995070819150964,
      1.8582041262202742,
      1.600341382505385,
      1.5489988303236364,
      1.458976836488371,
      1.6193772260964867,
      1.3889138526980271,
      1.260552212988811,
      1.3145641047291194,
      1.258663064100336,
      1.1311240478422464,
      1.132640682482296,
      1.109569472067845
    ],
    "marble_stats": [
      20,
      13,
      5,
      11,
      14,
      7,
      9,
      8,
      10,
      7,
      5,
      12,
      5,
      8,
      5,
      5,
      10,
      5,
      5,
      10
    ]
  },
  "final_metrics": {
    "final_train_loss": 0.1,
    "final_val_loss": 0.15,
    "final_test_loss": 0.34914910730596255,
    "final_accuracy": 0.9180358310687199,
    "final_perplexity": 1.109569472067845,
    "final_marbles": 10
  }
}