{
  "timestamp": "20250531_004235",
  "dataset_size": 500,
  "vocabulary_size": 40,
  "training_history": {
    "epochs": [
      1,
      2,
      3
    ],
    "losses": [
      2.576548243424996,
      2.2686676752818027,
      1.792405740698155
    ],
    "accuracies": [
      0.28987742536947547,
      0.4572722219842471,
      0.692828271833247
    ],
    "perplexities": [
      5.9651079373940865,
      4.818779126634803,
      3.46392031119549
    ],
    "marble_stats": [
      20,
      18,
      16
    ]
  },
  "final_metrics": {
    "final_loss": 1.792405740698155,
    "final_accuracy": 0.692828271833247,
    "final_perplexity": 3.46392031119549,
    "final_marbles": 16
  }
}