{
  "timestamp": "20250531_013009",
  "dataset_size": 20,
  "vocabulary_size": 39,
  "training_history": {
    "epochs": [
      1,
      2,
      3,
      4,
      5
    ],
    "losses": [
      2.5186505288165892,
      2.2597235443439985,
      1.9391026225734238,
      1.6478713657996882,
      1.22255163396226
    ],
    "accuracies": [
      0.3428217862838677,
      0.40917228096535835,
      0.5856451270087312,
      0.6505107142185378,
      0.7560155807502308
    ],
    "perplexities": [
      5.730458315981253,
      4.788997041579387,
      3.8346705141529562,
      3.1337093261919096,
      2.333590849035449
    ],
    "marble_stats": [
      20,
      5,
      12,
      9,
      7
    ]
  },
  "final_metrics": {
    "final_loss": 1.22255163396226,
    "final_accuracy": 0.7560155807502308,
    "final_perplexity": 2.333590849035449,
    "final_marbles": 7
  }
}